{
    "hoareprompt": {
        "Agreement Count": 54,
        "Balanced Accuracy": 0.61010101010101,
        "True Positive Rate (TPR)": 0.9090909090909091,
        "False Negative Rate (FNR)": 0.09090909090909091,
        "False Positive Rate (FPR)": 0.6888888888888889,
        "MCC": 0.27408701885174463
    },
    "zero_shot_cot": {
        "Agreement Count": 52,
        "Balanced Accuracy": 0.5853535353535353,
        "True Positive Rate (TPR)": 0.6818181818181818,
        "False Negative Rate (FNR)": 0.3181818181818182,
        "False Positive Rate (FPR)": 0.5111111111111111,
        "MCC": 0.17389813323812708
    },
    "vanilla_no_cot": {
        "Agreement Count": 52,
        "Balanced Accuracy": 0.5851010101010101,
        "True Positive Rate (TPR)": 0.6590909090909091,
        "False Negative Rate (FNR)": 0.3409090909090909,
        "False Positive Rate (FPR)": 0.4888888888888889,
        "MCC": 0.17203642906287697
    }
}