{
    "tester": {
        "Agreement Count": 53,
        "Balanced Accuracy": 0.5096153846153847,
        "True Positive Rate (TPR)": 0.09615384615384616,
        "False Negative Rate (FNR) / Miss Rate": 0.9038461538461539,
        "False Positive Rate (FPR)": 0.07692307692307693,
        "MCC": 0.03419927840283847
    }
}