{
    "hoareprompt": {
        "Agreement Count": 1107,
        "Balanced Accuracy": 0.588034818630404,
        "True Positive Rate (TPR)": 0.8575982996811902,
        "False Negative Rate (FNR)": 0.14240170031880978,
        "False Positive Rate (FPR)": 0.6815286624203821,
        "MCC": 0.2090382086802547
    },
    "simple_tree": {
        "Agreement Count": 1110,
        "Balanced Accuracy": 0.5896373284959082,
        "True Positive Rate (TPR)": 0.8767268862911796,
        "False Negative Rate (FNR)": 0.12327311370882041,
        "False Positive Rate (FPR)": 0.697452229299363,
        "MCC": 0.21894895423414684
    },
    "summary_fsl": {
        "Agreement Count": 1124,
        "Balanced Accuracy": 0.5968669550169107,
        "True Positive Rate (TPR)": 0.4973432518597237,
        "False Negative Rate (FNR)": 0.5026567481402763,
        "False Positive Rate (FPR)": 0.3036093418259023,
        "MCC": 0.19769389721851893
    },
    "summary": {
        "Agreement Count": 1089,
        "Balanced Accuracy": 0.5784857550918185,
        "True Positive Rate (TPR)": 0.8671625929861849,
        "False Negative Rate (FNR)": 0.13283740701381508,
        "False Positive Rate (FPR)": 0.7101910828025477,
        "MCC": 0.19223671512231894
    },
    "zero_shot_cot": {
        "Agreement Count": 1116,
        "Balanced Accuracy": 0.592760558740645,
        "True Positive Rate (TPR)": 0.7608926673751328,
        "False Negative Rate (FNR)": 0.23910733262486716,
        "False Positive Rate (FPR)": 0.5753715498938429,
        "MCC": 0.19698505836922997
    },
    "vanilla_no_cot": {
        "Agreement Count": 1134,
        "Balanced Accuracy": 0.6022802908772571,
        "True Positive Rate (TPR)": 0.696068012752391,
        "False Negative Rate (FNR)": 0.30393198724760895,
        "False Positive Rate (FPR)": 0.49150743099787686,
        "MCC": 0.20825267752348198
    }
}