{
    "hoareprompt": {
        "Agreement Count": 63,
        "Balanced Accuracy": 0.6057692307692308,
        "True Positive Rate (TPR)": 0.8653846153846154,
        "False Negative Rate (FNR)": 0.1346153846153846,
        "False Positive Rate (FPR)": 0.6538461538461539,
        "MCC": 0.24751933820372526
    },
    "zero_shot_cot": {
        "Agreement Count": 60,
        "Balanced Accuracy": 0.5769230769230769,
        "True Positive Rate (TPR)": 0.75,
        "False Negative Rate (FNR)": 0.25,
        "False Positive Rate (FPR)": 0.5961538461538461,
        "MCC": 0.16398401233815754
    },
    "vanilla_no_cot": {
        "Agreement Count": 60,
        "Balanced Accuracy": 0.5769230769230769,
        "True Positive Rate (TPR)": 0.6538461538461539,
        "False Negative Rate (FNR)": 0.34615384615384615,
        "False Positive Rate (FPR)": 0.5,
        "MCC": 0.1556997888323046
    }
}