{
    "hoareprompt": {
        "Agreement Count": 165,
        "Balanced Accuracy": 0.5932333129210043,
        "True Positive Rate (TPR)": 0.8695652173913043,
        "False Negative Rate (FNR)": 0.13043478260869565,
        "False Positive Rate (FPR)": 0.6830985915492958,
        "MCC": 0.22324651393789252
    }
}