{
    "hoareprompt": {
        "Agreement Count": 61,
        "Balanced Accuracy": 0.5450626959247649,
        "True Positive Rate (TPR)": 0.9310344827586207,
        "False Negative Rate (FNR)": 0.06896551724137931,
        "False Positive Rate (FPR)": 0.8409090909090909,
        "MCC": 0.14390320355502323
    },
    "zero_shot_cot": {
        "Agreement Count": 57,
        "Balanced Accuracy": 0.5270376175548589,
        "True Positive Rate (TPR)": 0.7586206896551724,
        "False Negative Rate (FNR)": 0.2413793103448276,
        "False Positive Rate (FPR)": 0.7045454545454546,
        "MCC": 0.06070524798897534
    },
    "vanilla_no_cot": {
        "Agreement Count": 56,
        "Balanced Accuracy": 0.5321316614420063,
        "True Positive Rate (TPR)": 0.6551724137931034,
        "False Negative Rate (FNR)": 0.3448275862068966,
        "False Positive Rate (FPR)": 0.5909090909090909,
        "MCC": 0.06582967753590403
    }
}