{
    "hoareprompt": {
        "Agreement Count": 60,
        "Balanced Accuracy": 0.5756603773584906,
        "True Positive Rate (TPR)": 0.8113207547169812,
        "False Negative Rate (FNR)": 0.18867924528301888,
        "False Positive Rate (FPR)": 0.66,
        "MCC": 0.17196210687115346
    }
}