{
    "hoareprompt": {
        "Agreement Count": 1109,
        "Balanced Accuracy": 0.601243116969798,
        "True Positive Rate (TPR)": 0.8947939262472885,
        "False Negative Rate (FNR)": 0.1052060737527115,
        "False Positive Rate (FPR)": 0.6923076923076923,
        "MCC": 0.2501086936302904
    },
    "simple_tree": {
        "Agreement Count": 1084,
        "Balanced Accuracy": 0.5876891584783186,
        "True Positive Rate (TPR)": 0.8741865509761388,
        "False Negative Rate (FNR)": 0.12581344902386118,
        "False Positive Rate (FPR)": 0.6988082340195017,
        "MCC": 0.21397369773579397
    },
    "summary_fsl": {
        "Agreement Count": 1111,
        "Balanced Accuracy": 0.6021079757369513,
        "True Positive Rate (TPR)": 0.4913232104121475,
        "False Negative Rate (FNR)": 0.5086767895878525,
        "False Positive Rate (FPR)": 0.28710725893824485,
        "MCC": 0.2094265763562344
    },
    "summary": {
        "Agreement Count": 1069,
        "Balanced Accuracy": 0.5795658314982504,
        "True Positive Rate (TPR)": 0.8785249457700651,
        "False Negative Rate (FNR)": 0.12147505422993492,
        "False Positive Rate (FPR)": 0.7193932827735645,
        "MCC": 0.19851220612927956
    },
    "zero_shot_cot": {
        "Agreement Count": 1060,
        "Balanced Accuracy": 0.5746087571650493,
        "True Positive Rate (TPR)": 0.7277657266811279,
        "False Negative Rate (FNR)": 0.272234273318872,
        "False Positive Rate (FPR)": 0.5785482123510293,
        "MCC": 0.15674821424035734
    },
    "vanilla_no_cot": {
        "Agreement Count": 1068,
        "Balanced Accuracy": 0.5789118995635754,
        "True Positive Rate (TPR)": 0.6713665943600867,
        "False Negative Rate (FNR)": 0.3286334056399132,
        "False Positive Rate (FPR)": 0.5135427952329361,
        "MCC": 0.16059048261048844
    }
}