{
    "hoareprompt": {
        "Agreement Count": 60,
        "Balanced Accuracy": 0.6011904761904762,
        "True Positive Rate (TPR)": 0.9166666666666666,
        "False Negative Rate (FNR)": 0.08333333333333333,
        "False Positive Rate (FPR)": 0.7142857142857143,
        "MCC": 0.2559939058231545
    },
    "zero_shot_cot": {
        "Agreement Count": 59,
        "Balanced Accuracy": 0.5788690476190476,
        "True Positive Rate (TPR)": 0.7291666666666666,
        "False Negative Rate (FNR)": 0.2708333333333333,
        "False Positive Rate (FPR)": 0.5714285714285714,
        "MCC": 0.16425286783172124
    },
    "vanilla_no_cot": {
        "Agreement Count": 60,
        "Balanced Accuracy": 0.5907738095238095,
        "True Positive Rate (TPR)": 0.7708333333333334,
        "False Negative Rate (FNR)": 0.22916666666666666,
        "False Positive Rate (FPR)": 0.5892857142857143,
        "MCC": 0.19293752863552074
    }
}