{
    "tester": {
        "Agreement Count": 57,
        "Balanced Accuracy": 0.5234848484848484,
        "True Positive Rate (TPR)": 0.08333333333333333,
        "False Negative Rate (FNR) / Miss Rate": 0.9166666666666666,
        "False Positive Rate (FPR)": 0.03636363636363636,
        "MCC": 0.10003644030418458
    }
}