{
    "tester": {
        "Agreement Count": 52,
        "Balanced Accuracy": 0.5208163265306123,
        "True Positive Rate (TPR)": 0.08163265306122448,
        "False Negative Rate (FNR) / Miss Rate": 0.9183673469387755,
        "False Positive Rate (FPR)": 0.04,
        "MCC": 0.08723686098443353
    }
}