{
    "hoareprompt": {
        "Agreement Count": 61,
        "Balanced Accuracy": 0.5787373004354137,
        "True Positive Rate (TPR)": 0.8113207547169812,
        "False Negative Rate (FNR)": 0.18867924528301888,
        "False Positive Rate (FPR)": 0.6538461538461539,
        "MCC": 0.1780433448428468
    }
}