{
    "hoareprompt": {
        "Agreement Count": 67,
        "Balanced Accuracy": 0.6442307692307692,
        "True Positive Rate (TPR)": 0.9423076923076923,
        "False Negative Rate (FNR)": 0.057692307692307696,
        "False Positive Rate (FPR)": 0.6538461538461539,
        "MCC": 0.3592878785739777
    },
    "zero_shot_cot": {
        "Agreement Count": 60,
        "Balanced Accuracy": 0.5769230769230769,
        "True Positive Rate (TPR)": 0.6923076923076923,
        "False Negative Rate (FNR)": 0.3076923076923077,
        "False Positive Rate (FPR)": 0.5384615384615384,
        "MCC": 0.15811388300841897
    },
    "vanilla_no_cot": {
        "Agreement Count": 63,
        "Balanced Accuracy": 0.6057692307692308,
        "True Positive Rate (TPR)": 0.6538461538461539,
        "False Negative Rate (FNR)": 0.34615384615384615,
        "False Positive Rate (FPR)": 0.4423076923076923,
        "MCC": 0.2125231911021767
    }
}