{
    "tester": {
        "Agreement Count": 52,
        "Balanced Accuracy": 0.5539452495974235,
        "True Positive Rate (TPR)": 0.12962962962962962,
        "False Negative Rate (FNR) / Miss Rate": 0.8703703703703703,
        "False Positive Rate (FPR)": 0.021739130434782608,
        "MCC": 0.1982075033411509
    }
}