{
    "hoareprompt": {
        "Agreement Count": 59,
        "Balanced Accuracy": 0.5960648148148149,
        "True Positive Rate (TPR)": 0.8958333333333334,
        "False Negative Rate (FNR)": 0.10416666666666667,
        "False Positive Rate (FPR)": 0.7037037037037037,
        "MCC": 0.23716996383062275
    },
    "zero_shot_cot": {
        "Agreement Count": 64,
        "Balanced Accuracy": 0.6412037037037037,
        "True Positive Rate (TPR)": 0.875,
        "False Negative Rate (FNR)": 0.125,
        "False Positive Rate (FPR)": 0.5925925925925926,
        "MCC": 0.3158629643839434
    },
    "vanilla_no_cot": {
        "Agreement Count": 60,
        "Balanced Accuracy": 0.5949074074074074,
        "True Positive Rate (TPR)": 0.7083333333333334,
        "False Negative Rate (FNR)": 0.2916666666666667,
        "False Positive Rate (FPR)": 0.5185185185185185,
        "MCC": 0.19405362670108048
    }
}